date,daily_commits,cumulative_commits
2026-04-30,0,0
2026-05-01,0,0
2026-05-02,2,2
2026-05-03,0,2
2026-05-04,0,2
2026-05-05,13,15
2026-05-06,6,21
2026-05-07,4,25
2026-05-08,2,27
2026-05-09,0,27
2026-05-10,0,27
2026-05-11,2,29
2026-05-12,6,35
2026-05-13,0,35
2026-05-14,0,35
2026-05-15,0,35
2026-05-16,0,35
2026-05-17,1,36
2026-05-18,2,38
2026-05-19,1,39
2026-05-20,0,39
2026-05-21,7,46
2026-05-22,3,49
2026-05-23,0,49
2026-05-24,2,51
2026-05-25,3,54
2026-05-26,0,54
2026-05-27,3,57
2026-05-28,5,62
2026-05-29,4,66
