title,batch_idx,dict_version,batch_accuracy,batch_macro_f1,batch_weighted_f1,batch_phishing_precision,batch_phishing_recall,batch_phishing_f1,river_cumulative_accuracy,river_cumulative_macro_f1,river_cumulative_weighted_f1,transformer_used_count,transformer_promote_count,transformer_demote_count,mean_transformer_phish_prob,prediction_mode
Before Update - Progressive Stream Batch 1,1,0,0.9186,0.8807033992060138,0.9203216494794105,0.7377892030848329,0.8130311614730878,0.7735849056603774,0.9186,0.8807033992060138,0.9203216494794104,1370,47,389,0.5639139413833618,hybrid_base_plus_transformer_specialist
Before Update - Progressive Stream Batch 2,2,0,0.8888,0.8415493160071857,0.8835289578693665,0.7738095238095238,0.5531914893617021,0.6451612903225806,0.9037,0.86276317691203,0.9026272897338162,716,38,125,0.673862636089325,hybrid_base_plus_transformer_specialist
Before Update - Progressive Stream Batch 3,3,0,0.9022,0.869941322919608,0.903819186783972,0.8611111111111112,0.7633378932968536,0.8092820884699057,0.9032,0.8642971457028609,0.9025827209226741,930,42,77,0.6956885457038879,hybrid_base_plus_transformer_specialist
Before Update - Progressive Stream Batch 4,4,1,0.9132,0.8683496395435517,0.9136135646632528,0.8244837758112095,0.7605442176870748,0.7912243453644727,0.9057,0.8651147115480966,0.9053197410743249,986,46,98,0.6918210983276367,hybrid_base_plus_transformer_specialist
Before Update - Progressive Stream Batch 5,5,1,0.9004,0.8482339345796325,0.8929486073423112,0.8504098360655737,0.5403645833333334,0.660828025477707,0.90464,0.8620645671967009,0.9030968462343767,735,46,36,0.6682987809181213,hybrid_base_plus_transformer_specialist
Before Update - Progressive Stream Batch 6,6,1,0.917,0.85844989163763,0.9185918936990122,0.7666151468315301,0.7689922480620155,0.7678018575851393,0.9067,0.8612401771089329,0.9056246065010031,1000,74,120,0.662685751914978,hybrid_base_plus_transformer_specialist
Before Update - Progressive Stream Batch 7,7,2,0.9314,0.8927172451820875,0.9326848413112176,0.8002680965147453,0.8396624472573839,0.8194921070693205,0.9102285714285714,0.8658653480256676,0.9095522162746938,1246,42,173,0.6110206246376038,hybrid_base_plus_transformer_specialist
Before Update - Progressive Stream Batch 8,8,2,0.9184,0.8952255511176723,0.9193401503891983,0.7806788511749347,0.8259668508287292,0.8026845637583893,0.91125,0.869510242527539,0.910791037967909,1458,52,258,0.5562596917152405,hybrid_base_plus_transformer_specialist
Before Update - Progressive Stream Batch 9,9,2,0.9242,0.8763333839089492,0.9255610144512226,0.7983978638184246,0.8113975576662144,0.8048452220726783,0.9126888888888889,0.8702695504447175,0.9124218592160442,1157,68,148,0.6576064825057983,hybrid_base_plus_transformer_specialist
Before Update - Progressive Stream Batch 10,10,3,0.9208,0.8730817892033546,0.9216759725659917,0.7804532577903682,0.7547945205479452,0.7674094707520891,0.9135,0.8704766867367217,0.9133213839884672,1439,80,131,0.5267458558082581,hybrid_base_plus_transformer_specialist
Before Update - Progressive Stream Batch 11,11,3,0.9256,0.8976022659162328,0.9269982154463315,0.7563451776649747,0.8453900709219858,0.7983924983255191,0.9146,0.8728817880036364,0.9145807686580961,1807,33,538,0.4617384970188141,hybrid_base_plus_transformer_specialist
Before Update - Progressive Stream Batch 12,12,3,0.9164,0.8696629375378542,0.9170162067188027,0.7805212620027435,0.7730978260869565,0.7767918088737201,0.91475,0.8726126980102894,0.914790456129871,1365,56,376,0.5531089901924133,hybrid_base_plus_transformer_specialist
Before Update - Progressive Stream Batch 13,13,4,0.9284,0.8838303769443381,0.9284603072980648,0.8429394812680115,0.7789613848202397,0.8096885813148789,0.9158,0.8735175480527279,0.9158353986574076,964,84,89,0.7246755361557007,hybrid_base_plus_transformer_specialist
Before Update - Progressive Stream Batch 14,14,4,0.9182,0.8688935043019723,0.9173642711356832,0.8232484076433121,0.7140883977900553,0.764792899408284,0.9159714285714285,0.8731664049867144,0.9159494611212831,1370,65,178,0.48431894183158875,hybrid_base_plus_transformer_specialist
Before Update - Progressive Stream Batch 15,15,4,0.909,0.8687514853874556,0.9063034995193593,0.7958833619210978,0.6535211267605634,0.7177107501933488,0.9155066666666667,0.8728845055854775,0.9153242343477119,883,55,71,0.6635622382164001,hybrid_base_plus_transformer_specialist
Before Update - Progressive Stream Batch 16,16,5,0.9428,0.9155413461709561,0.943385298057328,0.8276299112801014,0.8660477453580901,0.846403110823072,0.9172125,0.8756464303649847,0.9170960363431095,1402,54,370,0.5790263414382935,hybrid_base_plus_transformer_specialist
Before Update - Progressive Stream Batch 17,17,5,0.9146,0.8704704897458642,0.9128847218740919,0.7944535073409462,0.6830294530154277,0.7345399698340875,0.9170588235294118,0.8753850785374299,0.916859077059609,855,78,71,0.7144870758056641,hybrid_base_plus_transformer_specialist
Before Update - Progressive Stream Batch 18,18,5,0.9278,0.8994652273907491,0.9289006844572694,0.7868020304568528,0.8611111111111112,0.8222811671087533,0.9176555555555556,0.8767670793972884,0.9175530363392571,1461,63,366,0.5592508316040039,hybrid_base_plus_transformer_specialist
Before Update - Progressive Stream Batch 19,19,6,0.9364,0.9039875308635951,0.9367592747310369,0.8048780487804879,0.8181818181818182,0.8114754098360656,0.9186421052631579,0.8782138527645423,0.9185659361701611,1387,83,144,0.5674587488174438,hybrid_base_plus_transformer_specialist
Before Update - Progressive Stream Batch 20,20,6,0.9336,0.891933535813679,0.9346743955638335,0.8294679399727148,0.8216216216216217,0.8255261371350985,0.91939,0.8789008897324012,0.9193673089990362,1209,66,163,0.620548665523529,hybrid_base_plus_transformer_specialist
Before Update - Progressive Stream Batch 21,21,6,0.9208,0.8830010487684203,0.9214364172733598,0.7678321678321678,0.7776203966005666,0.772695285010556,0.9194571428571429,0.879093104180992,0.9194643836494993,1914,71,230,0.4164743423461914,hybrid_base_plus_transformer_specialist
Before Update - Progressive Stream Batch 22,22,7,0.946,0.9269640309431851,0.9466624939701993,0.8188585607940446,0.8764940239043825,0.846696600384862,0.9206636363636364,0.8812656589276492,0.9207093489531095,1404,48,251,0.5939900279045105,hybrid_base_plus_transformer_specialist
Before Update - Progressive Stream Batch 23,23,7,0.899,0.8596094430324874,0.9021722624597657,0.6425339366515838,0.797752808988764,0.7117794486215538,0.9197217391304348,0.8802492536068376,0.9198831885349226,1154,106,83,0.7635118961334229,hybrid_base_plus_transformer_specialist
Before Update - Progressive Stream Batch 24,24,7,0.9374,0.9129464376804172,0.9374225952660223,0.8225806451612904,0.8225806451612904,0.8225806451612904,0.9204583333333334,0.8816873557445684,0.9206063542264143,1131,78,110,0.6601908802986145,hybrid_base_plus_transformer_specialist
Before Update - Progressive Stream Batch 25,25,8,0.939,0.9100258433648782,0.9404276434473784,0.7593582887700535,0.8554216867469879,0.8045325779036827,0.9212,0.8828373633870594,0.921396893698348,1313,58,236,0.5852699875831604,hybrid_base_plus_transformer_specialist
Before Update - Progressive Stream Batch 26,26,8,0.9306,0.9037730738193445,0.9312081791496306,0.8012269938650307,0.8371794871794872,0.8188087774294671,0.9215615384615384,0.8836652865572201,0.9217790692283867,1486,67,254,0.5693522095680237,hybrid_base_plus_transformer_specialist
Before Update - Progressive Stream Batch 27,27,8,0.9354,0.9036029928246568,0.9363959078184231,0.779891304347826,0.8282828282828283,0.8033589923023093,0.922074074074074,0.884399498921361,0.9223208961601034,1362,68,192,0.5649862289428711,hybrid_base_plus_transformer_specialist
Before Update - Progressive Stream Batch 28,28,9,0.9366,0.9096484624961071,0.9379093499278617,0.7871046228710462,0.893646408839779,0.8369987063389392,0.9225928571428571,0.8853084865442216,0.9228911966643844,1573,101,126,0.566364049911499,hybrid_base_plus_transformer_specialist
Before Update - Progressive Stream Batch 29,29,9,0.935,0.9003581510913453,0.9355646546439522,0.8081395348837209,0.8249258160237388,0.8164464023494861,0.9230206896551724,0.8858202424712176,0.9233293215924148,1125,56,87,0.6249699592590332,hybrid_base_plus_transformer_specialist
Before Update - Progressive Stream Batch 30,30,9,0.9308,0.8985942699605081,0.9281573699402783,0.8556521739130435,0.6900420757363254,0.7639751552795031,0.92328,0.8862652863039716,0.9234978011815351,1026,101,139,0.5794676542282104,hybrid_base_plus_transformer_specialist
Before Update - Progressive Stream Batch 31,31,10,0.9296,0.8988177065743526,0.9302184197242612,0.7875862068965517,0.8042253521126761,0.7958188153310104,0.923483870967742,0.8866772330215297,0.9237136472208741,1307,85,186,0.5593347549438477,hybrid_base_plus_transformer_specialist
Before Update - Progressive Stream Batch 32,32,10,0.937,0.9090429178373256,0.9375901026405842,0.7956104252400549,0.8333333333333334,0.8140350877192982,0.92390625,0.8873651011809881,0.9241479429058973,1382,60,240,0.5537236332893372,hybrid_base_plus_transformer_specialist
Before Update - Progressive Stream Batch 33,33,10,0.9346,0.8931949829649903,0.934592288396388,0.8274894810659187,0.7793923381770145,0.8027210884353742,0.9242303030303031,0.8875361986808917,0.9244603902460233,988,85,89,0.7195412516593933,hybrid_base_plus_transformer_specialist
Before Update - Progressive Stream Batch 34,34,11,0.9306,0.895466055873092,0.9310231461741109,0.8053691275167785,0.8086253369272237,0.8069939475453934,0.9244176470588236,0.8877749415993382,0.9246521892079878,1146,110,93,0.6601208448410034,hybrid_base_plus_transformer_specialist
Before Update - Progressive Stream Batch 35,35,11,0.9386,0.9135485907590762,0.9392857980885697,0.8044077134986226,0.8488372093023255,0.826025459688826,0.9248228571428572,0.8884672713935022,0.9250696304765297,1453,81,256,0.5330459475517273,hybrid_base_plus_transformer_specialist
Before Update - Progressive Stream Batch 36,36,11,0.9426,0.9142987216613266,0.942488509516937,0.8681318681318682,0.8261437908496732,0.8466175485599464,0.9253166666666667,0.8891987357251392,0.9255499949164294,1048,101,71,0.7098983526229858,hybrid_base_plus_transformer_specialist
Before Update - Progressive Stream Batch 37,37,12,0.9466,0.9234153045421949,0.9466340063017414,0.8447802197802198,0.8401639344262295,0.8424657534246576,0.9258918918918919,0.8900984691078735,0.9261183973279699,1239,78,85,0.6144147515296936,hybrid_base_plus_transformer_specialist
Before Update - Progressive Stream Batch 38,38,12,0.9418,0.9167029381718309,0.942297090797511,0.8062234794908062,0.8456973293768546,0.8254887762490949,0.9263105263157895,0.8908072326574491,0.926544033264603,1173,87,208,0.6163963079452515,hybrid_base_plus_transformer_specialist
Before Update - Progressive Stream Batch 39,39,12,0.9232,0.8876973846434314,0.9242187705203252,0.7453083109919572,0.792022792022792,0.7679558011049724,0.9262307692307692,0.8907268446677538,0.9264808526900071,1531,44,375,0.5147079825401306,hybrid_base_plus_transformer_specialist
Before Update - Progressive Stream Batch 40,40,13,0.91,0.8638215566397367,0.9009843245948134,0.8644859813084113,0.5103448275862069,0.6418039895923677,0.925825,0.8902203629631309,0.925943247629499,765,56,126,0.5658758282661438,hybrid_base_plus_transformer_specialist
Before Update - Progressive Stream Batch 41,41,13,0.9322,0.899842393780439,0.9332055567822511,0.8055555555555556,0.8481894150417827,0.8263229308005428,0.9259804878048781,0.8904568259716443,0.9261232779415316,1095,70,115,0.6927480101585388,hybrid_base_plus_transformer_specialist
Before Update - Progressive Stream Batch 42,42,13,0.942,0.9167684759646548,0.9425778691029507,0.8207426376440461,0.8662162162162163,0.8428665351742275,0.9263619047619047,0.8910895356174916,0.926519425548775,1274,86,179,0.6356214880943298,hybrid_base_plus_transformer_specialist
Before Update - Progressive Stream Batch 43,43,14,0.936,0.9121292758153512,0.9374836594519916,0.7699757869249395,0.874828060522696,0.8190598840952994,0.9265860465116279,0.8915867429831282,0.9267775600272762,1511,59,296,0.5664390325546265,hybrid_base_plus_transformer_specialist
Before Update - Progressive Stream Batch 44,44,14,0.938,0.9126517530552327,0.9386477124063113,0.7915531335149864,0.8371757925072046,0.8137254901960784,0.9268454545454545,0.8920547187498982,0.9270475117697866,1702,76,238,0.47769612073898315,hybrid_base_plus_transformer_specialist
Before Update - Progressive Stream Batch 45,45,14,0.9366,0.9155054443825732,0.9370254114004462,0.8062418725617685,0.8333333333333334,0.8195637805684072,0.9270622222222222,0.8925615065469729,0.9272674056494474,1180,82,108,0.6615718603134155,hybrid_base_plus_transformer_specialist
Before Update - Progressive Stream Batch 46,46,15,0.9318,0.9001808434900138,0.9322724561572336,0.7983310152990264,0.8130311614730878,0.8056140350877193,0.9271652173913043,0.8927311076193385,0.9273764377554862,1420,88,131,0.5441061854362488,hybrid_base_plus_transformer_specialist
Before Update - Progressive Stream Batch 47,47,15,0.9324,0.9064940925561851,0.9329293737866705,0.779291553133515,0.8159771754636234,0.797212543554007,0.9272765957446808,0.8930285277564844,0.9274932953806851,1469,80,265,0.5329700112342834,hybrid_base_plus_transformer_specialist
Before Update - Progressive Stream Batch 48,48,15,0.9242,0.8870693003655666,0.9251641729416542,0.8044328552803129,0.8440492476060192,0.8237650200267023,0.9272125,0.8929169720036993,0.9274450494773099,1349,84,104,0.585736870765686,hybrid_base_plus_transformer_specialist
Before Update - Progressive Stream Batch 49,49,16,0.9432,0.9168944838744112,0.9429744540979264,0.85,0.8190104166666666,0.8342175066312998,0.927538775510204,0.8933955187626514,0.9277593648495942,1276,92,126,0.6053676009178162,hybrid_base_plus_transformer_specialist
Before Update - Progressive Stream Batch 50,50,16,0.9228,0.8840966487575422,0.924266341644063,0.752,0.8080229226361032,0.7790055248618785,0.927444,0.8932126319895299,0.9276870427971786,1314,69,149,0.5949015617370605,hybrid_base_plus_transformer_specialist
Before Update - Progressive Stream Batch 51,51,16,0.941,0.9211807477129035,0.9414886407905478,0.8226018396846255,0.8682385575589459,0.844804318488529,0.9277098039215687,0.8937531905189348,0.9279577202469882,1297,97,92,0.6011257767677307,hybrid_base_plus_transformer_specialist
Before Update - Progressive Stream Batch 52,52,17,0.9382,0.91321540915409,0.9387970336402577,0.796,0.8492176386913229,0.8217481073640743,0.9279115384615385,0.8940927316353918,0.9281658245791025,1218,87,118,0.6278930902481079,hybrid_base_plus_transformer_specialist
Before Update - Progressive Stream Batch 53,53,17,0.9252,0.8994729286605975,0.925711300907389,0.8073394495412844,0.8202396804260985,0.8137384412153237,0.9278603773584906,0.8941945891273554,0.9281184841768185,1478,74,194,0.5381655693054199,hybrid_base_plus_transformer_specialist
Before Update - Progressive Stream Batch 54,54,17,0.9464,0.9301240198992157,0.9471953922078244,0.8102189781021898,0.8856382978723404,0.8462515883100381,0.9282037037037038,0.8948663538200643,0.9284734525366467,1274,83,106,0.6560428738594055,hybrid_base_plus_transformer_specialist
Before Update - Progressive Stream Batch 55,55,18,0.9212,0.8817992645922251,0.9189276289380396,0.8284734133790738,0.679324894514768,0.7465224111282844,0.9280763636363636,0.8946488130054738,0.9283085070902658,1198,99,102,0.504047691822052,hybrid_base_plus_transformer_specialist
Before Update - Progressive Stream Batch 56,56,18,0.937,0.9076881231654328,0.937749466817559,0.7929226736566186,0.8437935843793585,0.8175675675675675,0.9282357142857143,0.8948815967252304,0.9284776337312572,1462,153,82,0.5508829355239868,hybrid_base_plus_transformer_specialist
Before Update - Progressive Stream Batch 57,57,18,0.929,0.8844744194452856,0.9298819070164845,0.7819971870604782,0.792022792022792,0.7869780608634112,0.9282491228070175,0.8946879945895604,0.9285000183604099,1270,80,201,0.5808025002479553,hybrid_base_plus_transformer_specialist
Before Update - Progressive Stream Batch 58,58,19,0.9336,0.9086897107942091,0.9341972437153705,0.7965425531914894,0.8365921787709497,0.8160762942779292,0.9283413793103449,0.8949390820268482,0.9285986568304873,1247,78,142,0.6202432513237,hybrid_base_plus_transformer_specialist
Before Update - Progressive Stream Batch 59,59,19,0.9338,0.8973172728157395,0.9342533681013651,0.8121546961325967,0.8021828103683493,0.8071379547014413,0.9284338983050847,0.8949746430230877,0.928693488935669,1372,76,184,0.5495343208312988,hybrid_base_plus_transformer_specialist
Before Update - Progressive Stream Batch 60,60,19,0.9454,0.920585940768093,0.9461254806585195,0.8002699055330634,0.8656934306569343,0.8316970546984572,0.9287166666666666,0.8953977417410179,0.9289845598505478,1359,80,144,0.5788794755935669,hybrid_base_plus_transformer_specialist
Before Update - Progressive Stream Batch 61,61,20,0.9294,0.9123726055408194,0.9304611465153839,0.7754854368932039,0.852,0.8119440914866582,0.9287278688524591,0.8956961074368399,0.9290078395798417,1575,88,233,0.5473415851593018,hybrid_base_plus_transformer_specialist
Before Update - Progressive Stream Batch 62,62,20,0.937,0.9129772628582579,0.9380393151419854,0.7832699619771863,0.8500687757909215,0.8153034300791556,0.9288612903225807,0.8959832829292582,0.9291539562359304,1611,56,334,0.5130195021629333,hybrid_base_plus_transformer_specialist
Before Update - Progressive Stream Batch 63,63,20,0.936,0.9087844904893192,0.9371884129259177,0.779639175257732,0.859375,0.8175675675675675,0.9289746031746031,0.8961886167611902,0.9292827405719333,1645,70,296,0.5044733285903931,hybrid_base_plus_transformer_specialist
Before Update - Progressive Stream Batch 64,64,21,0.9352,0.903248788243263,0.9365885826867663,0.8017676767676768,0.8627717391304348,0.831151832460733,0.929071875,0.8962905392993923,0.9293963187044861,1535,66,207,0.5531523823738098,hybrid_base_plus_transformer_specialist
Before Update - Progressive Stream Batch 65,65,21,0.9482,0.9251479342614579,0.9481304997879443,0.8571428571428571,0.8428372739916551,0.8499298737727911,0.9293661538461538,0.8967208183622103,0.9296822989206296,1095,82,84,0.6680309772491455,hybrid_base_plus_transformer_specialist
Before Update - Progressive Stream Batch 66,66,21,0.9398,0.9066861558615704,0.939839616985933,0.8600823045267489,0.8271767810026385,0.8433086751849361,0.9295242424242425,0.8968794934125374,0.9298342227374661,1234,122,96,0.6226686835289001,hybrid_base_plus_transformer_specialist
Before Update - Progressive Stream Batch 67,67,22,0.9436,0.9165844660616623,0.9438798111586564,0.8386648122392212,0.8433566433566434,0.8410041841004184,0.9297343283582089,0.8971704873718822,0.9300439746832115,1232,96,90,0.6072483658790588,hybrid_base_plus_transformer_specialist
Before Update - Progressive Stream Batch 68,68,22,0.9348,0.9118412573724648,0.935872448088994,0.7930622009569378,0.8723684210526316,0.8308270676691729,0.9298088235294117,0.8974014872834242,0.9301319774008042,1577,94,212,0.559456467628479,hybrid_base_plus_transformer_specialist
Before Update - Progressive Stream Batch 69,69,22,0.9428,0.9204457986866699,0.9433737429323317,0.8166666666666667,0.8607277289836889,0.83811850946854,0.9299971014492754,0.897738938093892,0.9303247186104705,1629,66,276,0.5465622544288635,hybrid_base_plus_transformer_specialist
Before Update - Progressive Stream Batch 70,70,23,0.9406,0.9143969574774068,0.9409662425175543,0.8095872170439414,0.8272108843537415,0.8183041722745625,0.9301485714285714,0.8979716316695727,0.9304766525881886,1318,60,172,0.5966553092002869,hybrid_base_plus_transformer_specialist
Before Update - Progressive Stream Batch 71,71,23,0.9348,0.9056139382188798,0.9351187650189937,0.8126684636118598,0.8181818181818182,0.8154158215010142,0.9302140845070422,0.8980706557542336,0.9305402801922074,1382,81,189,0.5603873133659363,hybrid_base_plus_transformer_specialist
Before Update - Progressive Stream Batch 72,72,23,0.9376,0.9132476808100498,0.938286212369369,0.7913279132791328,0.8390804597701149,0.8145048814504882,0.9303166666666667,0.8982907496784782,0.9306471536989023,1513,83,174,0.5246865153312683,hybrid_base_plus_transformer_specialist
Before Update - Progressive Stream Batch 73,73,24,0.933,0.8945293297815732,0.9341072753022283,0.8277254374158816,0.8436213991769548,0.8355978260869565,0.9303534246575342,0.898238177085158,0.9306918877584174,1126,92,98,0.6768473386764526,hybrid_base_plus_transformer_specialist
Before Update - Progressive Stream Batch 74,74,24,0.9368,0.9075114034669409,0.9371803214543992,0.8033012379642366,0.8213783403656821,0.8122392211404729,0.9304405405405406,0.8983659880163116,0.9307794867941491,1285,79,144,0.5880909562110901,hybrid_base_plus_transformer_specialist
Before Update - Progressive Stream Batch 75,75,24,0.943,0.916802024252032,0.9438818406184595,0.7986754966887417,0.8589743589743589,0.8277282086479066,0.930608,0.8986017242930044,0.9309547534655165,1348,74,174,0.5911040306091309,hybrid_base_plus_transformer_specialist
Before Update - Progressive Stream Batch 76,76,25,0.9372,0.9107852855958147,0.9371943877526026,0.8221614227086184,0.8056300268096515,0.8138117806364252,0.9306947368421052,0.8987584445387717,0.9310357909319191,1036,98,77,0.7115638256072998,hybrid_base_plus_transformer_specialist
Before Update - Progressive Stream Batch 77,77,25,0.9498,0.9301386178574775,0.9502118039597184,0.819327731092437,0.8590308370044053,0.8387096774193549,0.9309428571428572,0.8991754093141106,0.9312836667949089,1051,81,90,0.6872444748878479,hybrid_base_plus_transformer_specialist
Before Update - Progressive Stream Batch 78,78,25,0.9452,0.9220080274010859,0.9460906085867647,0.8097560975609757,0.8818061088977424,0.8442466624284806,0.931125641025641,0.899470124768422,0.9314750489790891,1535,71,192,0.5652233958244324,hybrid_base_plus_transformer_specialist
Before Update - Progressive Stream Batch 79,79,26,0.9442,0.9186299940650691,0.9449196530616842,0.8194070080862533,0.8685714285714285,0.8432732316227461,0.9312911392405063,0.8997114130382878,0.9316454701385766,1300,66,152,0.5925265550613403,hybrid_base_plus_transformer_specialist
Before Update - Progressive Stream Batch 80,80,26,0.9366,0.9083399383263676,0.937141897067852,0.8035487959442332,0.8342105263157895,0.8185926404131698,0.9313575,0.8998202690430662,0.9317143372748686,1473,77,157,0.5653001666069031,hybrid_base_plus_transformer_specialist
Before Update - Progressive Stream Batch 81,81,26,0.9362,0.9087585196521378,0.9367982083260242,0.8011049723756906,0.8345323741007195,0.817477096546864,0.9314172839506173,0.8999304496851207,0.9317754369351973,1361,86,127,0.5599012970924377,hybrid_base_plus_transformer_specialist
Before Update - Progressive Stream Batch 82,82,27,0.9544,0.9373365940544061,0.9545329401309011,0.8514442916093535,0.8657342657342657,0.8585298196948682,0.9316975609756097,0.9003816883844835,0.9320516022635896,1262,110,83,0.60183185338974,hybrid_base_plus_transformer_specialist
Before Update - Progressive Stream Batch 83,83,27,0.9448,0.9242567399047074,0.9456476677821011,0.8068783068783069,0.8789625360230547,0.8413793103448276,0.931855421686747,0.9006521341773016,0.9322154260473831,1377,73,149,0.5721293687820435,hybrid_base_plus_transformer_specialist
Before Update - Progressive Stream Batch 84,84,27,0.941,0.9214474287519148,0.941785990935024,0.7977099236641222,0.8660220994475138,0.8304635761589404,0.9319642857142857,0.9008975626716457,0.9323295492925401,1538,88,137,0.5447152256965637,hybrid_base_plus_transformer_specialist
Before Update - Progressive Stream Batch 85,85,28,0.9466,0.9192851887108229,0.94705176690393,0.8256756756756757,0.8605633802816901,0.8427586206896551,0.9321364705882353,0.9011131033144798,0.9325032232976357,1401,93,156,0.559314489364624,hybrid_base_plus_transformer_specialist
Before Update - Progressive Stream Batch 86,86,28,0.9438,0.9173421223470895,0.9436422332360209,0.8340486409155937,0.8119777158774373,0.8228652081863091,0.9322720930232559,0.9012949605657945,0.9326320789352589,1032,119,72,0.6944007873535156,hybrid_base_plus_transformer_specialist
Before Update - Progressive Stream Batch 87,87,28,0.9426,0.9155718672300472,0.9433923464269502,0.7939972714870396,0.8521229868228404,0.8220338983050848,0.9323908045977012,0.9014505565177942,0.9327559266584221,1337,71,167,0.577984094619751,hybrid_base_plus_transformer_specialist
Before Update - Progressive Stream Batch 88,88,29,0.9414,0.9140031106986346,0.9422739172281428,0.7948051948051948,0.8631875881523272,0.8275862068965517,0.9324931818181819,0.9015920242298481,0.9328645173080775,1518,63,187,0.544651210308075,hybrid_base_plus_transformer_specialist
Before Update - Progressive Stream Batch 89,89,29,0.9348,0.904208562114488,0.9346382333777429,0.837431693989071,0.7971391417425228,0.8167888074616922,0.9325191011235955,0.9016183555395225,0.9328835485684915,1393,57,155,0.5474294424057007,hybrid_base_plus_transformer_specialist
Before Update - Progressive Stream Batch 90,90,29,0.9464,0.9226299889240472,0.9466279851103602,0.8398914518317503,0.8491083676268861,0.844474761255116,0.9326733333333334,0.9018503870791424,0.9330359507053375,1304,114,86,0.5959747433662415,hybrid_base_plus_transformer_specialist
Before Update - Progressive Stream Batch 91,91,30,0.9456,0.9161178936445001,0.9456047457158001,0.8368263473053892,0.8281481481481482,0.8324646314221892,0.9328153846153846,0.9020051698426876,0.9331732764713251,1191,52,116,0.5902109146118164,hybrid_base_plus_transformer_specialist
Before Update - Progressive Stream Batch 92,92,30,0.9498,0.9274579834093822,0.9498001128304892,0.8477088948787062,0.8477088948787062,0.8477088948787062,0.933,0.9022845175293475,0.9333528604866814,1342,62,163,0.5809721946716309,hybrid_base_plus_transformer_specialist
Before Update - Progressive Stream Batch 93,93,30,0.9442,0.924167870533198,0.9448676113762662,0.8026143790849674,0.8575418994413407,0.8291694800810263,0.9331204301075269,0.9025159793791064,0.9334762603971365,1383,65,150,0.5716069340705872,hybrid_base_plus_transformer_specialist
Before Update - Progressive Stream Batch 94,94,31,0.9414,0.9186242000445463,0.9417174856046299,0.8192307692307692,0.841897233201581,0.8304093567251462,0.9332085106382979,0.9026913921269007,0.9335635127322017,1329,96,101,0.6153340339660645,hybrid_base_plus_transformer_specialist
Before Update - Progressive Stream Batch 95,95,31,0.944,0.9211067619202741,0.9448091068593482,0.8087291399229781,0.8689655172413793,0.8377659574468085,0.9333221052631578,0.9028850335171826,0.9336822978964099,1200,112,79,0.6693249344825745,hybrid_base_plus_transformer_specialist
Before Update - Progressive Stream Batch 96,96,31,0.9354,0.9049702780548602,0.9360600014388841,0.7898259705488622,0.8240223463687151,0.8065618591934381,0.93334375,0.9029069895982145,0.9337068822141537,1656,87,141,0.49542078375816345,hybrid_base_plus_transformer_specialist
Before Update - Progressive Stream Batch 97,97,32,0.9462,0.918293617359392,0.9469319651539762,0.8152866242038217,0.8707482993197279,0.8421052631578947,0.9334762886597938,0.9030674052993166,0.9338440171836249,1306,82,112,0.6226214170455933,hybrid_base_plus_transformer_specialist
Before Update - Progressive Stream Batch 98,98,32,0.9416,0.9218281591747457,0.9425597164530507,0.7863577863577863,0.8654390934844193,0.8240053944706676,0.9335591836734694,0.9032599809859653,0.9339325174236933,1907,70,283,0.44829246401786804,hybrid_base_plus_transformer_specialist
Before Update - Progressive Stream Batch 99,99,32,0.9378,0.9075068847633272,0.9384932553609943,0.8,0.8352272727272727,0.817234190410007,0.9336020202020202,0.9033032400677654,0.9339786223302711,1482,76,209,0.5279514789581299,hybrid_base_plus_transformer_specialist
Before Update - Progressive Stream Batch 100,100,33,0.9488,0.9270139412975816,0.949396171788992,0.8291139240506329,0.8791946308724832,0.8534201954397395,0.933754,0.9035481949337991,0.9341335515293981,1386,67,121,0.6004127264022827,hybrid_base_plus_transformer_specialist
Before Update - Progressive Stream Batch 101,101,33,0.9402,0.9116873853785081,0.941032348899072,0.8190348525469169,0.8778735632183908,0.8474341192787794,0.9338178217821782,0.9036277058646017,0.9342029945687009,1305,110,77,0.6054105758666992,hybrid_base_plus_transformer_specialist
Before Update - Progressive Stream Batch 102,102,33,0.9404,0.9153678632091582,0.9413553621346864,0.7920918367346939,0.8649025069637883,0.8268974700399467,0.9338823529411765,0.9037439579362543,0.9342734462043331,1472,84,175,0.558512806892395,hybrid_base_plus_transformer_specialist
Before Update - Progressive Stream Batch 103,103,34,0.9422,0.9169893675577905,0.942464523813975,0.8293010752688172,0.840599455040872,0.8349120433017592,0.9339631067961165,0.9038764258524286,0.9343526356775261,1311,92,106,0.5989026427268982,hybrid_base_plus_transformer_specialist
Before Update - Progressive Stream Batch 104,104,34,0.938,0.9110371556454101,0.9385134166838394,0.822538860103627,0.8432934926958832,0.8327868852459016,0.9340019230769231,0.9039473276524539,0.9343927063201405,1523,63,164,0.5412675738334656,hybrid_base_plus_transformer_specialist
Before Update - Progressive Stream Batch 105,105,34,0.9317943336831059,0.9124398374108916,0.9324689650890882,0.8246753246753247,0.8698630136986302,0.8466666666666667,0.9339978846460237,0.9039653383416695,0.9343890915463093,246,18,17,0.6363114714622498,hybrid_base_plus_transformer_specialist
